/* =============================================================================
DATABASE INSERTIONS: Siperna Health Insurance Management System
=============================================================================
*/

INSERT INTO Agency (AgencyName, StartDate, EndDate, Email, TaxNumber, PhoneNumber) VALUES
('Siperna Kadýköy Bölge Acentesi', '2010-01-01', NULL, 'info@allianz.com.tr', '1010020304', '08503999999'),
('Marmara Sigorta Aracýlýk Hizmetleri', '2011-05-15', NULL, 'iletisim@axasigorta.com.tr', '1010020305', '08502509999'),
('Güvenilir El Sigorta Acenteliđi', '1925-06-01', NULL, 'bilgi@anadolusigorta.com.tr', '1010020306', '08507240850'),
('Siperna Ankara Kurumsal Ţube', '2020-09-01', NULL, 'destek@turkiyesigorta.com.tr', '1010020307', '08502022020'),
('Ege Risk Yönetimi ve Sigorta', '2012-03-20', NULL, 'musteri@aksigorta.com.tr', '1010020308', '04442727'),
('Baţarý Sigorta Aracýlýk', '2013-10-10', NULL, 'info@hdisigorta.com.tr', '1010020309', '08502228434'),
('Siperna Antalya Ýrtibat Bürosu', '2014-01-01', NULL, 'bilgi@somposigorta.com.tr', '1010020310', '08502508181'),
('Zirve Sigorta Çözümleri', '2010-07-22', NULL, 'info@raysigorta.com.tr', '1010020311', '04444729'),
('Yýldýzlar Sigorta Acenteliđi', '2011-12-05', NULL, 'bilgi@mapfre.com.tr', '1010020312', '08507550755'),
('Siperna Ýzmir Bölge Müdürlüđü', '2017-05-12', NULL, 'info@quicksigorta.com', '1010020313', '08507551755'),
('Siperna Bursa Bölge Müdürlüđü', '2010-04-18', NULL, 'bilgi@ankarasigorta.com.tr', '1010020314', '03122111111'),
('Kuzey Yýldýzý Sigorta Aracýlýk', '2014-08-15', NULL, 'info@dogasigorta.com', '1010020315', '08508115100'),
('Baţkent Vizyon Sigorta Acenteliđi', '2010-12-01', NULL, 'iletisim@neova.com.tr', '1010020316', '04443636'),
('Anadolu Yakasý Özel Sigorta Hizmetleri', '2011-09-22', NULL, 'destek@bereket.com.tr', '1010020317', '08502022020'),
('Siperna Kocaeli Ýrtibat Ofisi', '2010-01-20', NULL, 'musteri@generali.com.tr', '1010020318', '08505555555'),
('Elit Sigorta ve Risk Yönetimi', '2012-06-14', NULL, 'bilgi@zurich.com.tr', '1010020319', '08502507500'),
('Siperna Karadeniz Bölge Acentesi', '2013-02-28', NULL, 'destek@gulfsigorta.com.tr', '1010020320', '02123502000'),
('Mavi Haliç Sigorta Aracýlýk', '2014-04-04', NULL, 'info@orient.com.tr', '1010020321', '08502220450'),
('Siperna Gaziantep Ţubesi', '2010-03-30', NULL, 'bilgi@demirsigorta.com.tr', '1010020322', '08502521111'),
('Trakya Sigorta ve Güvence Hizmetleri', '2015-05-20', NULL, 'info@turkpc.com', '1010020323', '02122112233'),
('Siperna Eskiţehir Temsilciliđi', '2010-11-11', NULL, 'iletisim@eurekosigorta.com.tr', '1010020324', '08502226660'),
('Çukurova Kurumsal Sigorta Aracýlýk', '2012-08-12', NULL, 'info@corpus.com.tr', '1010020325', '02123707700'),
('Siperna Konya Ýrtibat Merkezi', '2022-01-01', NULL, 'merhaba@hepiyi.com.tr', '1010020326', '08506660666'),
('Pusula Sigorta Brokerlýđý', '2021-07-07', NULL, 'bilgi@aveonglobal.com', '1010020327', '08507110711'),
('Siperna Genel Müdürlük Satýţ Birimi', '2018-09-22', NULL, 'info@magdeburger.com.tr', '1010020328', '08504550555');

INSERT INTO Claim (PolicyID, CustomerID, EventDate, PayDueDate, SGKStatusFlag, SGKExclusionReason) VALUES
(1, 1, '2025-03-10', '2025-04-10', 1, NULL),
(2, 2, '2025-04-15', '2025-05-15', 1, NULL),
(4, 4, '2025-02-20', '2025-03-20', 0, NULL),
(5, 5, '2025-05-12', '2025-06-12', 1, NULL),
(7, 7, '2025-02-01', '2025-03-01', 1, NULL),
(10, 10, '2025-04-15', '2025-05-15', 0, NULL),
(12, 12, '2025-06-01', '2025-07-01', 1, NULL),
(14, 14, '2025-02-15', '2025-03-15', 1, NULL),
(1, 1, '2025-06-10', '2025-07-10', 1, NULL),
(20, 20, '2025-02-10', '2025-03-10', 1, NULL),
(0, 1, '2025-12-20', '2026-01-19', 1, NULL),
(1, 2, '2025-12-20', '2026-01-19', 1, NULL),
(2, 3, '2025-12-20', '2026-01-19', 1, NULL),
(3, 4, '2025-12-20', '2026-01-19', 1, NULL),
(4, 5, '2025-12-20', '2026-01-19', 1, NULL),
(5, 6, '2025-12-20', '2026-01-19', 1, NULL),
(6, 7, '2025-12-20', '2026-01-19', 1, NULL),
(7, 8, '2025-12-20', '2026-01-19', 1, NULL),
(8, 9, '2025-12-20', '2026-01-19', 1, NULL),
(9, 10, '2025-12-20', '2026-01-19', 1, NULL),
(10, 11, '2025-12-20', '2026-01-19', 1, NULL),
(11, 12, '2025-12-20', '2026-01-19', 1, NULL),
(12, 13, '2025-12-20', '2026-01-19', 1, NULL),
(13, 14, '2025-12-20', '2026-01-19', 1, NULL),
(14, 15, '2025-12-20', '2026-01-19', 1, NULL);

INSERT INTO ClaimPayment (PaymentSequenceNumber, PaymentAmount, PaymentDate) VALUES
(1, 750.00, '2025-03-25'),
(1, 750.00, '2025-04-30'),
(1, 750.00, '2025-03-07'),
(1, 750.00, '2025-05-27'),
(1, 750.00, '2025-02-16'),
(1, 750.00, '2025-04-30'),
(1, 750.00, '2025-06-16'),
(1, 750.00, '2025-03-02'),
(1, 750.00, '2025-06-25'),
(1, 750.00, '2025-02-25'),
(1, 1250.00, '2025-12-20'),
(1, 1250.00, '2025-12-20'),
(1, 1250.00, '2025-12-20'),
(1, 1250.00, '2025-12-20'),
(1, 1250.00, '2025-12-20'),
(1, 1250.00, '2025-12-20'),
(1, 1250.00, '2025-12-20'),
(1, 1250.00, '2025-12-20'),
(1, 1250.00, '2025-12-20'),
(1, 1250.00, '2025-12-20'),
(1, 1250.00, '2025-12-20'),
(1, 1250.00, '2025-12-20'),
(1, 1250.00, '2025-12-20'),
(1, 1250.00, '2025-12-20'),
(1, 1250.00, '2025-12-20');

INSERT INTO CLINIC (ClinicID, SpecializationArea) VALUES
(10, 'Dental Care'),
(11, 'General Surgery'),
(23, 'General Surgery'),
(37, 'Dental Care'),
(38, 'General Surgery'),
(39, 'Ophthalmology'),
(40, 'Dental Care'),
(41, 'General Surgery'),
(42, 'Ophthalmology'),
(43, 'Dental Care'),
(44, 'General Surgery'),
(45, 'Ophthalmology'),
(46, 'Dental Care'),
(58, 'Genel Uzmanlýk'),
(59, 'Genel Uzmanlýk'),
(60, 'Genel Uzmanlýk'),
(61, 'Genel Uzmanlýk'),
(62, 'Genel Uzmanlýk'),
(63, 'Genel Uzmanlýk'),
(64, 'Genel Uzmanlýk'),
(65, 'Genel Uzmanlýk'),
(66, 'Genel Uzmanlýk'),
(67, 'Genel Uzmanlýk'),
(68, 'Genel Uzmanlýk'),
(69, 'Genel Uzmanlýk');

INSERT INTO Customer (CustomerType, Name, Surname, Gender, BirthDate) VALUES
('O', 'Aras', 'Siperna', 'M', '1985-04-12'),
('O', 'Beren', 'Yýlmaz', 'F', '1990-09-20'),
('O', 'Caner', 'Demir', 'M', '1982-01-15'),
('O', 'Defne', 'Kaya', 'F', '1978-06-30'),
('O', 'Ege', 'Aras', 'M', '1985-03-12'),
('O', 'Ferit', 'Yýldýz', 'M', '1970-11-25'),
('O', 'Gamze', 'Sönmez', 'F', '1988-12-05'),
('O', 'Hakan', 'Iţýk', 'M', '1983-05-18'),
('O', 'Ilgaz', 'Bulut', 'M', '1977-08-08'),
('O', 'Jale', 'Aydýn', 'F', '1981-10-10'),
('O', 'Kerem', 'Kýlýç', 'M', '1979-02-14'),
('O', 'Lale', 'Güneţ', 'F', '1984-07-22'),
('O', 'Mert', 'Aksoy', 'M', '1976-11-11'),
('O', 'Nil', 'Yavuz', 'F', '1989-04-04'),
('O', 'Okan', 'Deniz', 'M', '1974-09-09'),
('O', 'Pelin', 'Uyar', 'F', '1986-01-01'),
('O', 'Rüzgar', 'Tekin', 'M', '1983-05-05'),
('O', 'Selin', 'Öztürk', 'F', '1972-12-12'),
('O', 'Tuna', 'Akça', 'M', '1980-03-03'),
('O', 'Umut', 'Korkmaz', 'M', '1975-07-07'),
('O', 'Vildan', 'Sarp', 'F', '1988-06-06'),
('O', 'Yavuz', 'Han', 'M', '1984-10-10'),
('O', 'Zeynep', 'Bora', 'F', '1979-11-11'),
('O', 'Adem', 'Gök', 'M', '1982-08-08'),
('O', 'Banu', 'Nur', 'F', '1987-04-04'),
('F', 'Mert', 'Yýlmaz', 'M', '2015-05-10'),
('F', 'Selin', 'Demir', 'F', '2012-08-15'),
('F', 'Can', 'Kaya', 'M', '2010-03-20'),
('F', 'Ece', 'Yýldýz', 'F', '2018-11-25'),
('F', 'Umut', 'Aras', 'M', '2021-01-15'),
('F', 'Azra', 'Iţýk', 'F', '2014-04-30'),
('F', 'Bora', 'Bulut', 'M', '2011-12-05'),
('F', 'Deniz', 'Aydýn', 'M', '2016-06-18'),
('F', 'Elif', 'Kýlýç', 'F', '2013-09-12'),
('F', 'Fýrat', 'Güneţ', 'M', '2019-02-28'),
('F', 'Gaye', 'Aksoy', 'F', '2012-07-04'),
('F', 'Hakan', 'Yavuz', 'M', '2010-10-22'),
('F', 'Iţýl', 'Deniz', 'F', '2017-03-14'),
('F', 'Kaan', 'Uyar', 'M', '2015-11-30'),
('F', 'Lara', 'Tekin', 'F', '2020-01-25'),
('F', 'Mete', 'Öztürk', 'M', '2012-05-05'),
('F', 'Nil', 'Akça', 'F', '2014-06-12'),
('F', 'Oya', 'Korkmaz', 'F', '2011-09-09'),
('F', 'Pamir', 'Sarp', 'M', '2013-12-25'),
('F', 'Sude', 'Han', 'F', '2018-04-14'),
('F', 'Tuna', 'Bora', 'M', '2021-02-02'),
('F', 'Ufuk', 'Gök', 'M', '2012-07-20'),
('F', 'Veda', 'Nur', 'F', '2015-10-10'),
('F', 'Yaren', 'Siperna', 'F', '2017-12-12'),
('F', 'Zeki', 'Koray', 'M', '2014-08-08');

INSERT INTO CustomerPhones (CustomerID, PhoneNumber) VALUES
(1,'05321234501'),
(2,'05442345602'),
(3,'05053456703'),
(4,'05334567804'), 
(5,'05425678905'),
(6,'05306789006'),
(7,'05557890107'),
(8,'05068901208'),
(9,'05359012309'),
(10,'05410123410'),
(11,'05321234511'),
(12,'05442345612'),
(13,'05053456713'),
(14,'05334567814'),
(15,'05425678915'),
(16,'05306789016'),
(17,'05557890117'),
(18,'05068901218'),
(19,'05359012319'),
(20,'05410123420'),
(21,'05321234521'),
(22,'05442345622'),
(23,'05053456723'),
(24,'05334567824'),
(25,'05425678925'),
(26,'05306789026'),
(27,'05557890127'),
(28,'05068901228'),
(29,'05359012329'),
(30,'05410123430'),
(31,'05321234531'),
(32,'05442345632'),
(33,'05053456733'),
(34,'05334567834'),
(35,'05425678935'),
(36,'05306789036'),
(37,'05557890137'),
(38,'05068901238'),
(39,'05359012339'),
(40,'05410123440'),
(41,'05321234541'),
(42,'05442345642'),
(43,'05053456743'),
(44,'05334567844'),
(45,'05425678945'),
(46,'05306789046'),
(47,'05557890147'),
(48,'05068901248'),
(49,'05359012349'),
(50,'05410123460');
INSERT INTO Doctor (SSN, DoctorName, BirthDate, CurrentProviderID) VALUES
-- Ýlk Grup
('11111111101', 'Prof. Dr. Sinan Akýn', '1970-01-15', 1),
('11111111102', 'Doç. Dr. Arzu Erten', '1975-05-20', 2),
('11111111103', 'Uzm. Dr. Mehmet Gür', '1982-03-10', 3),
('11111111104', 'Dr. Selin Vardar', '1988-11-25', 4),
('11111111105', 'Prof. Dr. Kaan Sarp', '1965-08-12', 5),
('11111111106', 'Doç. Dr. Beliz Gün', '1978-02-14', 6),
('11111111107', 'Uzm. Dr. Ferit Aslan', '1980-06-30', 7),
('11111111108', 'Dr. Damla Yurt', '1985-12-05', 8),
('11111111109', 'Prof. Dr. Bülent Koray', '1972-04-18', 9),
('11111111110', 'Op. Dr. Jale Erez', '1984-09-09', 10),
('11111111111', 'Dr. Vedat Koç', '1976-10-10', 11),
('11111111112', 'Uzm. Dr. Oya Tekin', '1983-05-05', 12),
('11111111113', 'Dr. Kerem Yavuz', '1989-12-12', 13),
('11111111114', 'Dr. Nilgün Sarý', '1974-03-03', 14),
('11111111115', 'Dr. Emel Nur', '1981-07-07', 18),
('11111111116', 'Prof. Dr. Tarýk Ak', '1968-01-01', 19),
('11111111117', 'Doç. Dr. Ýclal Gök', '1979-05-05', 20),
('11111111118', 'Uzm. Dr. Berk Öztürk', '1986-11-11', 21),
('11111111119', 'Dr. Bahar Dal', '1983-06-06', 22),
('11111111120', 'Op. Dr. Koray Yel', '1977-10-10', 23),
('11111111121', 'Dr. Mine Su', '1982-04-04', 1),
('11111111122', 'Dr. Tuna Dađ', '1985-08-08', 2),
('11111111123', 'Dr. Arda Can', '1988-02-02', 3),
('11111111124', 'Dr. Sibel Aksoy', '1973-11-11', 5),
('11111111125', 'Dr. Mert Koray', '1980-09-09', 6),
('33344455501', 'Prof. Dr. Aylin Yýlmaz', '1972-03-12', 26),
('33344455502', 'Doç. Dr. Burak Özkan', '1978-08-15', 27),
('33344455503', 'Uzm. Dr. Canan Demirtaţ', '1985-11-20', 28),
('33344455504', 'Dr. Deniz Aksoy', '1982-01-15', 29),
('33344455505', 'Prof. Dr. Emre Aydýn', '1965-05-18', 30),
('33344455506', 'Dr. Funda Kaya', '1989-09-09', 31),
('33344455507', 'Uzm. Dr. Gökhan Yýldýz', '1975-04-04', 32),
('33344455508', 'Dr. Hande Sönmez', '1983-06-30', 33),
('33344455509', 'Prof. Dr. Ýbrahim Tatlý', '1960-12-05', 34),
('33344455510', 'Op. Dr. Jale Bulut', '1984-10-10', 35),
('33344455511', 'Dr. Kerem Aras', '1987-02-14', 36),
('33344455512', 'Prof. Dr. Lale Gül', '1974-03-03', 58),
('33344455513', 'Doç. Dr. Murat Can', '1980-05-05', 59),
('33344455514', 'Dr. Nilgün Yavuz', '1976-11-11', 60),
('33344455515', 'Uzm. Dr. Okan Tekin', '1983-07-07', 61),
('33344455516', 'Dr. Pelin Uyar', '1988-01-01', 62),
('33344455517', 'Prof. Dr. Rýza Kocaođlu', '1968-06-06', 63),
('33344455518', 'Dr. Selin Öztürk', '1985-08-08', 64),
('33344455519', 'Uzm. Dr. Tarýk Ünlü', '1979-09-09', 65),
('33344455520', 'Op. Dr. Umut Ţahin', '1982-12-12', 66),
('33344455521', 'Dr. Vildan Sarp', '1981-04-04', 67),
('33344455522', 'Prof. Dr. Yavuz Han', '1970-10-10', 68),
('33344455523', 'Dr. Zeynep Bora', '1988-02-02', 69),
('444000001', 'Prof. Dr. Metehan Soylu', '1970-05-12', 1),
('444000002', 'Doç. Dr. Yasemin Kýlýç', '1975-09-20', 2),
('444000003', 'Uzm. Dr. Onur Caner', '1982-03-15', 15),
('444000004', 'Dr. Ayça Vardar', '1988-11-25', 4),
('444000005', 'Prof. Dr. Serkan Ay', '1965-08-12', 5),
('444000006', 'Doç. Dr. Nilay Gün', '1978-02-14', 6),
('444000007', 'Uzm. Dr. Eren Aslan', '1980-06-30', 7),
('444000008', 'Dr. Selvi Yurt', '1985-12-05', 8),
('444000009', 'Prof. Dr. Orhan Koray', '1972-04-18', 9),
('444000010', 'Op. Dr. Beliz Erez', '1984-09-09', 10),
('444000011', 'Dr. Mert Koç', '1976-10-10', 11),
('444000012', 'Uzm. Dr. Ţule Tekin', '1983-05-05', 18),
('444000013', 'Dr. Yiđit Yavuz', '1989-12-12', 19),
('444000014', 'Dr. Sevil Sarý', '1974-03-03', 20),
('444000015', 'Prof. Dr. Vedat Ak', '1968-01-01', 21),
('444000016', 'Doç. Dr. Melis Gök', '1979-05-05', 22),
('444000017', 'Uzm. Dr. Berk Alp', '1986-11-11', 23),
('444000018', 'Dr. Iţýl Dal', '1983-06-06', 26),
('444000019', 'Op. Dr. Sarp Yel', '1977-10-10', 27),
('444000020', 'Dr. Ece Su', '1982-04-04', 28),
('444000021', 'Prof. Dr. Hikmet Bilgi', '1965-01-01', 29),
('444000022', 'Doç. Dr. Arzu Mert', '1979-05-15', 30),
('444000023', 'Uzm. Dr. Kađan Ţen', '1984-02-20', 31),
('444000024', 'Dr. Sibel Ural', '1988-11-10', 32),
('444000025', 'Prof. Dr. Tarýk Ün', '1970-03-30', 33),
('444000026', 'Doç. Dr. Emel Can', '1975-06-12', 34),
('444000027', 'Uzm. Dr. Fýrat Yerli', '1982-08-08', 35),
('444000028', 'Dr. Jale Gür', '1985-04-04', 36),
('444000029', 'Prof. Dr. Vedat Tan', '1968-09-22', 37),
('444000030', 'Doç. Dr. Oya Bilgin', '1977-12-01', 38),
('444000031', 'Uzm. Dr. Mert Erten', '1983-05-14', 39),
('444000032', 'Dr. Nilay Sarp', '1989-01-20', 40),
('444000033', 'Prof. Dr. Canan Ak', '1974-02-28', 41),
('444000034', 'Doç. Dr. Burak Dal', '1981-06-14', 42),
('444000035', 'Uzm. Dr. Selin Gök', '1986-03-30', 43),
('444000036', 'Dr. Emre Nur', '1980-05-20', 44),
('444000037', 'Prof. Dr. Hale Yel', '1972-11-11', 45),
('444000038', 'Doç. Dr. Sarp Han', '1978-08-12', 46),
('444000039', 'Uzm. Dr. Ozan Mert', '1983-01-01', 58),
('444000040', 'Dr. Eda Yavuz', '1988-07-07', 59),
('444000041', 'Prof. Dr. Sami Gür', '1966-08-08', 60),
('444000042', 'Doç. Dr. Pelin Ak', '1979-04-04', 61),
('444000043', 'Uzm. Dr. Kaan Sarp', '1984-12-12', 62),
('444000044', 'Dr. Nilgün Dal', '1987-03-03', 63),
('444000045', 'Prof. Dr. Vedat Ţen', '1969-05-05', 64),
('444000046', 'Doç. Dr. Jale Koray', '1976-11-11', 65),
('444000047', 'Uzm. Dr. Berk Gök', '1985-06-06', 66),
('444000048', 'Dr. Sibel Su', '1982-10-10', 67),
('444000049', 'Prof. Dr. Murat Can', '1971-04-04', 68),
('444000050', 'Doç. Dr. Oya Sarp', '1975-08-08', 69),
('444000051', 'Dr. Ahmet Aksoy', '1985-02-02', 1),
('444000052', 'Dr. Ayţe Yýlmaz', '1988-09-09', 2),
('444000053', 'Dr. Mehmet Demir', '1982-01-01', 3),
('444000054', 'Dr. Fatma Kaya', '1978-05-05', 4),
('444000055', 'Dr. Ali Yýldýz', '1985-03-03', 5),
('444000056', 'Dr. Emine Aras', '1970-12-12', 6),
('444000057', 'Dr. Mustafa Aydýn', '1988-06-06', 7),
('444000058', 'Dr. Hatice Iţýk', '1983-10-10', 8),
('444000059', 'Dr. Hüseyin Bulut', '1977-04-04', 9),
('444000060', 'Dr. Zeynep Kýlýç', '1981-08-08', 26),
('444000061', 'Dr. Murat Güneţ', '1979-02-02', 27),
('444000062', 'Dr. Elif Aksoy', '1984-11-11', 28),
('444000063', 'Dr. Ýbrahim Yavuz', '1976-09-09', 29),
('444000064', 'Dr. Merve Deniz', '1989-05-05', 30),
('444000065', 'Dr. Osman Uyar', '1974-03-03', 31),
('444000066', 'Dr. Selin Tekin', '1986-07-07', 32),
('444000067', 'Dr. Ömer Akça', '1983-12-12', 33),
('444000068', 'Dr. Gamze Korkmaz', '1972-10-10', 34),
('444000069', 'Dr. Ramazan Sarp', '1980-04-04', 35),
('444000070', 'Dr. Pelin Han', '1975-01-01', 36),
('444000071', 'Dr. Ýsmail Bora', '1988-08-08', 37),
('444000072', 'Dr. Büţra Gök', '1984-06-06', 38),
('444000073', 'Dr. Yusuf Nur', '1979-11-11', 39),
('444000074', 'Dr. Canan Koray', '1973-05-05', 40),
('444000075', 'Dr. Serkan Yalçýn', '1981-02-02', 41),
('444000076', 'Dr. Arda Can', '1985-09-09', 42),
('444000077', 'Dr. Sibel Aksoy', '1988-12-12', 43),
('444000078', 'Dr. Mert Koray', '1982-04-04', 44),
('444000079', 'Dr. Sinan Akýn', '1970-11-11', 45),
('444000080', 'Dr. Arzu Erten', '1975-03-03', 46),
('444000081', 'Dr. Mehmet Gür', '1982-01-01', 58),
('444000082', 'Dr. Selin Vardar', '1988-06-06', 59),
('444000083', 'Dr. Kaan Sarp', '1965-08-08', 60),
('444000084', 'Dr. Beliz Gün', '1978-10-10', 61),
('444000085', 'Dr. Ferit Aslan', '1980-04-04', 62),
('444000086', 'Dr. Damla Yurt', '1985-02-02', 63),
('444000087', 'Dr. Bülent Koray', '1972-12-12', 64),
('444000088', 'Dr. Jale Erez', '1984-07-07', 65),
('444000089', 'Dr. Vedat Koç', '1976-03-03', 66),
('444000090', 'Dr. Oya Tekin', '1983-11-11', 67),
('444000091', 'Dr. Kerem Yavuz', '1989-05-05', 68),
('444000092', 'Dr. Nilgün Sarý', '1974-08-08', 69),
('444000093', 'Dr. Emel Nur', '1981-01-01', 1),
('444000094', 'Dr. Tarýk Ak', '1968-06-06', 2),
('444000095', 'Dr. Ýclal Gök', '1979-02-02', 3),
('444000096', 'Dr. Berk Öztürk', '1986-12-12', 4),
('444000097', 'Dr. Bahar Dal', '1983-04-04', 5),
('444000098', 'Dr. Koray Yel', '1977-09-09', 6),
('444000099', 'Dr. Mine Su', '1982-11-11', 7),
('444000100', 'Dr. Tuna Dađ', '1985-07-07', 8),
('444000101', 'Dr. Arda Can', '1988-01-01', 9),
('444000102', 'Dr. Sibel Aksoy', '1973-05-05', 26),
('555000001', 'Uzm. Dr. Emre Can', '1985-05-10', 70),
('555000002', 'Dr. Ayţe Sarp', '1988-02-15', 71),
('555000003', 'Uzm. Dr. Caner Dađ', '1982-01-20', 72),
('555000004', 'Dr. Deniz Iţýk', '1990-11-25', 73),
('555000005', 'Prof. Dr. Fatma Koray', '1975-08-12', 74),
('555000006', 'Dr. Gökhan Yel', '1983-04-14', 75),
('555000007', 'Uzm. Dr. Hale Su', '1986-12-05', 76),
('555000008', 'Dr. Ýbrahim Alp', '1974-03-30', 77),
('555000009', 'Prof. Dr. Jale Dal', '1970-09-22', 78),
('555000010', 'Dr. Kerem Aras', '1985-06-12', 79),
('555000011', 'Uzm. Dr. Lale Gök', '1982-10-10', 80),
('555000012', 'Dr. Mert Ţahin', '1988-01-20', 81),
('555000013', 'Prof. Dr. Nilay Han', '1976-05-14', 82),
('555000014', 'Uzm. Dr. Ozan Bilgin', '1984-02-28', 99),
('555000015', 'Dr. Pelin Gür', '1989-07-07', 100),
('555000016', 'Prof. Dr. Rýza Ak', '1968-03-30', 101),
('555000017', 'Dr. Selin Mert', '1987-11-10', 102),
('555000018', 'Uzm. Dr. Tarýk Erten', '1983-05-20', 103);

INSERT INTO DoctorPatients (DoctorID, CustomerID, TreatmentDate) VALUES
(0, 12, '2025-12-20'),
(1, 1, '2025-03-10'),
(1, 1, '2025-06-10'),
(1, 12, '2025-12-20'),
(2, 2, '2025-04-15'),
(2, 12, '2025-12-20'),
(3, 4, '2025-02-20'),
(3, 12, '2025-12-20'),
(4, 12, '2025-12-20'),
(5, 5, '2025-05-12'),
(5, 12, '2025-12-20'),
(6, 12, '2025-12-20'),
(7, 7, '2025-02-01'),
(7, 12, '2025-12-20'),
(8, 12, '2025-12-20'),
(9, 12, '2025-12-20'),
(10, 10, '2025-04-15'),
(10, 12, '2025-12-20'),
(11, 12, '2025-12-20'),
(12, 12, '2025-12-20'),
(13, 12, '2025-12-20'),
(14, 12, '2025-12-20'),
(15, 20, '2025-02-10'),
(18, 12, '2025-06-01'),
(21, 14, '2025-02-15');

INSERT INTO DoctorSpecialties (DoctorID, SpecialtyName) VALUES
(0, 'Kardiyoloji'),
(1, 'Dahiliye'),
(2, 'Nöroloji'),
(3, 'Pediatri'),
(4, 'Genel Cerrahi'),
(5, 'Kardiyoloji'),
(6, 'Dahiliye'),
(7, 'Nöroloji'),
(8, 'Pediatri'),
(9, 'Genel Cerrahi'),
(10, 'Kardiyoloji'),
(11, 'Dahiliye'),
(12, 'Nöroloji'),
(13, 'Pediatri'),
(14, 'Genel Cerrahi'),
(15, 'Kardiyoloji'),
(16, 'Dahiliye'),
(17, 'Nöroloji'),
(18, 'Pediatri'),
(19, 'Genel Cerrahi'),
(20, 'Kardiyoloji'),
(21, 'Dahiliye'),
(22, 'Nöroloji'),
(23, 'Pediatri'),
(24, 'Genel Cerrahi'),
(25, 'Nöroloji'), (26, 'Genel Cerrahi'), (27, 'Göz Hastalýklarý'), (28, 'Üroloji'), (29, 'Kulak Burun Bođaz'),
(30, 'Kardiyoloji'), (31, 'Gastroenteroloji'), (32, 'Dermatoloji'), (33, 'Ortopedi'), (34, 'Pediatri'),
(35, 'Nöroloji'), (36, 'Genel Cerrahi'), (37, 'Göz Hastalýklarý'), (38, 'Üroloji'), (39, 'Kulak Burun Bođaz'),
(40, 'Kardiyoloji'), (41, 'Gastroenteroloji'), (42, 'Dermatoloji'), (43, 'Ortopedi'), (44, 'Pediatri'),
(45, 'Nöroloji'), (46, 'Genel Cerrahi'), (47, 'Göz Hastalýklarý'), (48, 'Üroloji'), (49, 'Kulak Burun Bođaz'),
(50, 'Kardiyoloji'), (51, 'Gastroenteroloji'), (52, 'Dermatoloji'), (53, 'Ortopedi'), (54, 'Pediatri'),
(55, 'Nöroloji'), (56, 'Genel Cerrahi'), (57, 'Göz Hastalýklarý'), (58, 'Üroloji'), (59, 'Kulak Burun Bođaz'),
(60, 'Kardiyoloji'), (61, 'Gastroenteroloji'), (62, 'Dermatoloji'), (63, 'Ortopedi'), (64, 'Pediatri'),
(65, 'Nöroloji'), (66, 'Genel Cerrahi'), (67, 'Göz Hastalýklarý'), (68, 'Üroloji'), (69, 'Kulak Burun Bođaz'),
(70, 'Kardiyoloji'), (71, 'Gastroenteroloji'), (72, 'Dermatoloji'), (73, 'Ortopedi'), (74, 'Pediatri'),
(75, 'Nöroloji'), (76, 'Genel Cerrahi'), (77, 'Göz Hastalýklarý'), (78, 'Üroloji'), (79, 'Kulak Burun Bođaz'),
(80, 'Kardiyoloji'), (81, 'Gastroenteroloji'), (82, 'Dermatoloji'), (83, 'Ortopedi'), (84, 'Pediatri'),
(85, 'Nöroloji'), (86, 'Genel Cerrahi'), (87, 'Göz Hastalýklarý'), (88, 'Üroloji'), (89, 'Kulak Burun Bođaz'),
(90, 'Kardiyoloji'), (91, 'Gastroenteroloji'), (92, 'Dermatoloji'), (93, 'Ortopedi'), (94, 'Pediatri'),
(95, 'Nöroloji'), (96, 'Genel Cerrahi'), (97, 'Göz Hastalýklarý'), (98, 'Üroloji'), (99, 'Kulak Burun Bođaz'),
(100, 'Kardiyoloji'), (101, 'Gastroenteroloji'), (102, 'Dermatoloji'), (103, 'Ortopedi'), (104, 'Pediatri'),
(105, 'Nöroloji'), (106, 'Genel Cerrahi'), (107, 'Göz Hastalýklarý'), (108, 'Üroloji'), (109, 'Kulak Burun Bođaz'),
(110, 'Kardiyoloji'), (111, 'Gastroenteroloji'), (112, 'Dermatoloji'), (113, 'Ortopedi'), (114, 'Pediatri'),
(115, 'Nöroloji'), (116, 'Genel Cerrahi'), (117, 'Göz Hastalýklarý'), (118, 'Üroloji'), (119, 'Kulak Burun Bođaz'),
(120, 'Kardiyoloji'), (121, 'Gastroenteroloji'), (122, 'Dermatoloji'), (123, 'Ortopedi'), (124, 'Pediatri'),
(125, 'Nöroloji'), (126, 'Genel Cerrahi'), (127, 'Göz Hastalýklarý'), (128, 'Üroloji'), (129, 'Kulak Burun Bođaz'),
(130, 'Kardiyoloji'), (131, 'Gastroenteroloji'), (132, 'Dermatoloji'), (133, 'Ortopedi'), (134, 'Pediatri'),
(135, 'Nöroloji'), (136, 'Genel Cerrahi'), (137, 'Göz Hastalýklarý'), (138, 'Üroloji'), (139, 'Kulak Burun Bođaz'),
(140, 'Kardiyoloji'), (141, 'Gastroenteroloji'), (142, 'Dermatoloji'), (143, 'Ortopedi'), (144, 'Pediatri'),
(145, 'Nöroloji'), (146, 'Genel Cerrahi'), (147, 'Göz Hastalýklarý'), (148, 'Üroloji'), (149, 'Kulak Burun Bođaz'),
(150, 'Laboratuvar Uzmanlýđý'), (151, 'Laboratuvar Uzmanlýđý'), (152, 'Laboratuvar Uzmanlýđý'),
(153, 'Laboratuvar Uzmanlýđý'), (154, 'Laboratuvar Uzmanlýđý'), (155, 'Laboratuvar Uzmanlýđý'),
(156, 'Laboratuvar Uzmanlýđý'), (157, 'Laboratuvar Uzmanlýđý'), (158, 'Laboratuvar Uzmanlýđý'),
(159, 'Laboratuvar Uzmanlýđý'), (160, 'Laboratuvar Uzmanlýđý'), (161, 'Laboratuvar Uzmanlýđý'),
(162, 'Laboratuvar Uzmanlýđý'), (163, 'Laboratuvar Uzmanlýđý'), (164, 'Laboratuvar Uzmanlýđý'),
(165, 'Laboratuvar Uzmanlýđý'), (166, 'Laboratuvar Uzmanlýđý'), (167, 'Laboratuvar Uzmanlýđý');

INSERT INTO FamilyMember (FamilyMemberID, RelationType, MaritalStatus) VALUES
(26, 'Çocuk', 'Bekar'),
(27, 'Eţ', 'Evli'),
(28, 'Çocuk', 'Bekar'),
(29, 'Eţ', 'Evli'),
(30, 'Çocuk', 'Bekar'),
(31, 'Eţ', 'Evli'),
(32, 'Çocuk', 'Bekar'),
(33, 'Eţ', 'Evli'),
(34, 'Çocuk', 'Bekar'),
(35, 'Eţ', 'Evli'),
(36, 'Çocuk', 'Bekar'),
(37, 'Eţ', 'Evli'),
(38, 'Çocuk', 'Bekar'),
(39, 'Eţ', 'Evli'),
(40, 'Çocuk', 'Bekar'),
(41, 'Eţ', 'Evli'),
(42, 'Çocuk', 'Bekar'),
(43, 'Eţ', 'Evli'),
(44, 'Çocuk', 'Bekar'),
(45, 'Eţ', 'Evli'),
(46, 'Çocuk', 'Bekar'),
(47, 'Eţ', 'Evli'),
(48, 'Çocuk', 'Bekar'),
(49, 'Eţ', 'Evli'),
(50, 'Çocuk', 'Bekar');

INSERT INTO Hospital (HospitalID, BedCapacity, DiscountRate) VALUES
(1, 10, 10.00),
(2, 20, 10.00),
(3, 30, 10.00),
(4, 40, 10.00),
(5, 50, 10.00),
(6, 60, 10.00),
(7, 70, 10.00),
(8, 80, 10.00),
(9, 90, 10.00),
(18, 180, 10.00),
(19, 190, 10.00),
(20, 200, 10.00),
(21, 210, 10.00),
(22, 220, 10.00),
(26, 260, 10.00),
(27, 270, 10.00),
(28, 280, 10.00),
(29, 290, 10.00),
(30, 300, 10.00),
(31, 310, 10.00),
(32, 320, 10.00),
(33, 330, 10.00),
(34, 340, 10.00),
(35, 350, 10.00),
(36, 360, 10.00);

INSERT INTO InPatientPolicy (PatientID, IcuMaxDays, PreApprovalRequired) VALUES
(1, 30, 1),
(3, 30, 1),
(5, 30, 1),
(7, 30, 1),
(9, 30, 1),
(11, 30, 1),
(13, 30, 1),
(15, 30, 1),
(17, 30, 1),
(19, 30, 1),
(21, 30, 1),
(23, 30, 1),
(37, 30, 1),
(38, 30, 1),
(39, 30, 1),
(40, 30, 1),
(41, 30, 1),
(42, 30, 1),
(43, 30, 1),
(44, 30, 1),
(45, 30, 1),
(46, 30, 1),
(47, 30, 1),
(48, 30, 1),
(49, 30, 1);

INSERT INTO InsuranceOwner (InsuranceOwnerID, Address, Email) VALUES
(1, 'Barbaros Bulvarý, No:45/8, Beţiktaţ, Ýstanbul', 'aras.siperna@sipernamail.com'),
(2, 'Bađdat Caddesi, Çýnar Apt. No:210, Kadýköy, Ýstanbul', 'beren.yilmaz@sipernamail.com'),
(3, 'Esat Caddesi, No:12/4, Çankaya, Ankara', 'caner.demir@sipernamail.com'),
(4, 'Mithatpaţa Caddesi, No:88, Konak, Ýzmir', 'defne.kaya@sipernamail.com'),
(5, 'Abdi Ýpekçi Cad. No:15, Niţantaţý, Ýstanbul', 'ege.aras@sipernamail.com'),
(6, 'Ýstasyon Cad. Kardelen Sokak No:3, Bakýrköy, Ýstanbul', 'ferit.yildiz@sipernamail.com'),
(7, 'Tunalý Hilmi Cad. No:112, Kavaklýdere, Ankara', 'gamze.sonmez@sipernamail.com'),
(8, 'Yalý Caddesi, No:24, Karţýyaka, Ýzmir', 'hakan.isik@sipernamail.com'),
(9, 'Atatürk Bulvarý, No:150/2, Yeniţehir, Ankara', 'ilgaz.bulut@sipernamail.com'),
(10, 'Cumhuriyet Cad. No:8, Ţiţli, Ýstanbul', 'jale.aydin@sipernamail.com'),
(11, 'Turgut Özal Bulvarý, No:21, Çukurova, Adana', 'kerem.kilic@sipernamail.com'),
(12, 'FSM Bulvarý, No:12, Nilüfer, Bursa', 'lale.gunes@sipernamail.com'),
(13, 'Ýstiklal Cad. No:54, Beyođlu, Ýstanbul', 'mert.aksoy@sipernamail.com'),
(14, 'Kennedy Cad. No:9, Muratpaţa, Antalya', 'nil.yavuz@sipernamail.com'),
(15, 'Kýbrýs Ţehitleri Cad. No:102, Alsancak, Ýzmir', 'okan.deniz@sipernamail.com'),
(16, 'Vali Konađý Cad. No:33, Teţvikiye, Ýstanbul', 'pelin.uyar@sipernamail.com'),
(17, 'Eskiţehir Yolu, No:7, Çankaya, Ankara', 'ruzgar.tekin@sipernamail.com'),
(18, 'Süleyman Demirel Bulvarý, No:18, Maviţehir, Ýzmir', 'selin.ozturk@sipernamail.com'),
(19, 'Büyükdere Cad. No:122, Maslak, Ýstanbul', 'tuna.akca@sipernamail.com'),
(20, 'Halaskargazi Cad. No:90, Osmanbey, Ýstanbul', 'umut.korkmaz@sipernamail.com'),
(21, 'Atatürk Cad. No:44, Osmangazi, Bursa', 'vildan.sarp@sipernamail.com'),
(22, 'Kurtuluţ Cad. No:15, Eskiţehir', 'yavuz.han@sipernamail.com'),
(23, 'Ýnönü Cad. No:77, Güzelyalý, Ýzmir', 'zeynep.bora@sipernamail.com'),
(24, 'Ziya Gökalp Cad. No:12, Kýzýlay, Ankara', 'adem.gok@sipernamail.com'),
(25, 'Mecidiyeköy Yolu Cad. No:3, Ţiţli, Ýstanbul', 'banu.nur@sipernamail.com');
INSERT INTO LABAROTORY (LabarotoryID, HasHomeSampling, ResponseTimeHours) VALUES
(12, 1, 12),
(13, 1, 12),
(14, 1, 12),
(24, 1, 12),
(47, 1, 12),
(48, 1, 12),
(49, 1, 12),
(50, 1, 12),
(51, 1, 12),
(52, 1, 12),
(70, 1, 24),
(71, 1, 24),
(72, 1, 24),
(73, 1, 24),
(74, 1, 24),
(75, 1, 24),
(76, 1, 24),
(77, 1, 24),
(78, 1, 24),
(79, 1, 24),
(80, 1, 24),
(81, 1, 24),
(82, 1, 24),
(99, 1, 24),
(100, 1, 24),
(101, 1, 24),
(102, 1, 24),
(103, 1, 24);

INSERT INTO OutPatientPolicy (PatientID, AnnualDoctorVisit, DrugCostLimit) VALUES
(0, 10, 7500.00),
(2, 10, 7500.00),
(4, 10, 7500.00),
(6, 10, 7500.00),
(8, 10, 7500.00),
(10, 10, 7500.00),
(12, 10, 7500.00),
(14, 10, 7500.00),
(16, 10, 7500.00),
(18, 10, 7500.00),
(20, 10, 7500.00),
(22, 10, 7500.00),
(24, 10, 7500.00),
(25, 10, 5000.00),
(26, 10, 5000.00),
(27, 10, 5000.00),
(28, 10, 5000.00),
(29, 10, 5000.00),
(30, 10, 5000.00),
(31, 10, 5000.00),
(32, 10, 5000.00),
(33, 10, 5000.00),
(34, 10, 5000.00),
(35, 10, 5000.00),
(36, 10, 5000.00),
(37, 10, 5000.00),
(39, 10, 5000.00);

INSERT INTO Pharmacy (PharmacyID, PharmacistFullName) VALUES
(15, 'Ecz. Ahmet Yýlmaz'),
(16, 'Ecz. Ayţe Kaya'),
(17, 'Ecz. Mehmet Demir'),
(25, 'Ecz. Fatma Ţahin'),
(53, 'Ecz. Mustafa Yýldýz'),
(54, 'Ecz. Emine Aydýn'),
(55, 'Ecz. Ali Öztürk'),
(56, 'Ecz. Hatice Aras'),
(57, 'Ecz. Hüseyin Bulut'),
(83, 'Ecz. Zeynep Kýlýç'),
(84, 'Ecz. Murat Güneţ'),
(85, 'Ecz. Elif Aksoy'),
(86, 'Ecz. Ýbrahim Yavuz'),
(87, 'Ecz. Merve Deniz'),
(88, 'Ecz. Osman Uyar'),
(89, 'Ecz. Selin Tekin'),
(90, 'Ecz. Ömer Akça'),
(91, 'Ecz. Gamze Korkmaz'),
(92, 'Ecz. Ramazan Sarp'),
(93, 'Ecz. Pelin Han'),
(94, 'Ecz. Ýsmail Bora'),
(95, 'Ecz. Büţra Gök'),
(96, 'Ecz. Yusuf Nur'),
(97, 'Ecz. Canan Koray'),
(98, 'Ecz. Serkan Yalçýn');

INSERT INTO PharmacyCustomers (PharmacyID, CustomerID, RegistrationDate) VALUES
(15, 1, '2025-03-12'), (16, 2, '2025-04-18'), (17, 3, '2025-01-20'),
(25, 4, '2025-06-05'), (53, 5, '2025-05-15'), (54, 6, '2025-11-28'),
(55, 7, '2025-12-02'), (56, 8, '2025-07-14'), (57, 9, '2025-08-22'),
(83, 10, '2025-09-10'), (84, 11, '2025-02-14'), (85, 12, '2025-07-25'),
(86, 13, '2025-11-15'), (87, 14, '2025-04-05'), (88, 15, '2025-09-12'),
(89, 16, '2025-01-05'), (90, 17, '2025-05-20'), (91, 18, '2025-12-15'),
(92, 19, '2025-03-30'), (93, 20, '2025-02-12'), (94, 21, '2025-11-05'),
(95, 22, '2025-08-10'), (96, 23, '2025-10-18'), (97, 24, '2025-07-01'),
(98, 25, '2025-09-25');

INSERT INTO PharmacyDrugs (PharmacyID, DrugName) VALUES
(15, 'Parol 500mg'), (15, 'Arveles 25mg'), (15, 'Augmentin 1000mg'), (15, 'Coraspin 100mg'), (15, 'Majezik 100mg'),
(16, 'Parol 500mg'), (16, 'Arveles 25mg'), (16, 'Augmentin 1000mg'), (16, 'Coraspin 100mg'), (16, 'Majezik 100mg'),
(17, 'Parol 500mg'), (17, 'Arveles 25mg'), (17, 'Augmentin 1000mg'), (17, 'Coraspin 100mg'), (17, 'Majezik 100mg'),
(25, 'Parol 500mg'), (25, 'Arveles 25mg'), (25, 'Augmentin 1000mg'), (25, 'Coraspin 100mg'), (25, 'Majezik 100mg'),
(53, 'Parol 500mg'), (53, 'Arveles 25mg'), (53, 'Augmentin 1000mg'), (53, 'Coraspin 100mg'), (53, 'Majezik 100mg'),
(54, 'Parol 500mg'), (54, 'Arveles 25mg'), (54, 'Augmentin 1000mg'), (54, 'Coraspin 100mg'), (54, 'Majezik 100mg'),
(55, 'Parol 500mg'), (55, 'Arveles 25mg'), (55, 'Augmentin 1000mg'), (55, 'Coraspin 100mg'), (55, 'Majezik 100mg'),
(56, 'Parol 500mg'), (56, 'Arveles 25mg'), (56, 'Augmentin 1000mg'), (56, 'Coraspin 100mg'), (56, 'Majezik 100mg'),
(57, 'Parol 500mg'), (57, 'Arveles 25mg'), (57, 'Augmentin 1000mg'), (57, 'Coraspin 100mg'), (57, 'Majezik 100mg'),
(83, 'Parol 500mg'), (83, 'Arveles 25mg'), (83, 'Augmentin 1000mg'), (83, 'Coraspin 100mg'), (83, 'Majezik 100mg'),
(84, 'Parol 500mg'), (84, 'Arveles 25mg'), (84, 'Augmentin 1000mg'), (84, 'Coraspin 100mg'), (84, 'Majezik 100mg'),
(85, 'Parol 500mg'), (85, 'Arveles 25mg'), (85, 'Augmentin 1000mg'), (85, 'Coraspin 100mg'), (85, 'Majezik 100mg'),
(86, 'Parol 500mg'), (86, 'Arveles 25mg'), (86, 'Augmentin 1000mg'), (86, 'Coraspin 100mg'), (86, 'Majezik 100mg'),
(87, 'Parol 500mg'), (87, 'Arveles 25mg'), (87, 'Augmentin 1000mg'), (87, 'Coraspin 100mg'), (87, 'Majezik 100mg'),
(88, 'Parol 500mg'), (88, 'Arveles 25mg'), (88, 'Augmentin 1000mg'), (88, 'Coraspin 100mg'), (88, 'Majezik 100mg'),
(89, 'Parol 500mg'), (89, 'Arveles 25mg'), (89, 'Augmentin 1000mg'), (89, 'Coraspin 100mg'), (89, 'Majezik 100mg'),
(90, 'Parol 500mg'), (90, 'Arveles 25mg'), (90, 'Augmentin 1000mg'), (90, 'Coraspin 100mg'), (90, 'Majezik 100mg'),
(91, 'Parol 500mg'), (91, 'Arveles 25mg'), (91, 'Augmentin 1000mg'), (91, 'Coraspin 100mg'), (91, 'Majezik 100mg'),
(92, 'Parol 500mg'), (92, 'Arveles 25mg'), (92, 'Augmentin 1000mg'), (92, 'Coraspin 100mg'), (92, 'Majezik 100mg'),
(93, 'Parol 500mg'), (93, 'Arveles 25mg'), (93, 'Augmentin 1000mg'), (93, 'Coraspin 100mg'), (93, 'Majezik 100mg'),
(94, 'Parol 500mg'), (94, 'Arveles 25mg'), (94, 'Augmentin 1000mg'), (94, 'Coraspin 100mg'), (94, 'Majezik 100mg'),
(95, 'Parol 500mg'), (95, 'Arveles 25mg'), (95, 'Augmentin 1000mg'), (95, 'Coraspin 100mg'), (95, 'Majezik 100mg'),
(96, 'Parol 500mg'), (96, 'Arveles 25mg'), (96, 'Augmentin 1000mg'), (96, 'Coraspin 100mg'), (96, 'Majezik 100mg'),
(97, 'Parol 500mg'), (97, 'Arveles 25mg'), (97, 'Augmentin 1000mg'), (97, 'Coraspin 100mg'), (97, 'Majezik 100mg'),
(98, 'Parol 500mg'), (98, 'Arveles 25mg'), (98, 'Augmentin 1000mg'), (98, 'Coraspin 100mg'), (98, 'Majezik 100mg');

INSERT INTO dbo.Policy (PolicyID, AgencyID, InsuranceOwnerID, PolicyType, StartDate, EndDate, RenewalInfo, PaymentFrequency) VALUES
(0, 1, 1, 'I', '2025-01-10', '2026-01-10', 'Standard annual renewal; eligible for 5% loyalty discount next term.', 'Monthly'),
(1, 1, 3, 'O', '2025-02-15', '2026-02-15', 'Automatic renewal processed via credit card; no changes in coverage.', 'Yearly'),
(2, 1, 3, 'I', '2025-03-01', '2026-03-01', 'Manual review required before renewal due to change in risk profile.', 'Yearly'),
(3, 2, 4, 'O', '2025-01-20', '2026-01-20', 'Policy renewed from #0412; no-claim bonus of 10% successfully applied.', 'Monthly'),
(4, 2, 5, 'I', '2025-04-12', '2026-04-12', 'Corporate group rates apply; renewal handled by HR department.', 'Monthly'),
(5, 2, 6, 'O', '2025-05-05', '2027-05-05', 'Short-term travel policy; renewal not applicable for this plan.', 'Yearly'),
(6, 3, 7, 'I', '2025-01-01', '2026-01-01', 'Customer requested manual renewal notice 30 days prior to expiry.', 'Monthly'),
(7, 3, 8, 'O', '2025-06-18', '2026-06-18', 'Renewed with updated dental and vision riders for the new term.', 'Yearly'),
(8, 3, 9, 'I', '2025-02-28', '2026-02-28', 'Fixed premium life policy; no renewal adjustments required until 2030.', 'Monthly'),
(9, 4, 10, 'O', '2025-03-15', '2026-03-15', 'Student health plan; requires valid University ID for next renewal.', 'Yearly'),
(10, 5, 11, 'I', '2025-04-20', '2026-04-20', 'Auto-renewal active; premium adjusted for annual inflation index.', 'Monthly'),
(11, 6, 12, 'O', '2025-05-10', '2026-05-10', '15% family bundle discount applied to this renewal term.', 'Yearly'),
(12, 7, 13, 'I', '2025-06-01', '2026-06-01', 'Policy transferred from legacy system; original start date 2022.', 'Monthly'),
(13, 8, 14, 'O', '2025-01-15', '2026-01-15', 'Maternity rider added; renewal scheduled for next quarter review.', 'Monthly'),
(14, 9, 15, 'I', '2025-02-10', '2026-02-10', 'Renewed with increased inpatient coverage limits as per request.', 'Yearly'),
(15, 10, 16, 'O', '2025-03-30', '2026-03-30', 'Credit card expired; automatic renewal failed. Manual intervention needed.', 'Yearly'),
(16, 11, 17, 'I', '2025-04-05', '2026-04-05', 'Standard life coverage; eligible for conversion to whole life plan.', 'Monthly'),
(17, 12, 18, 'O', '2025-05-25', '2026-05-25', 'Renewal pending medical examination report from authorized clinic.', 'Yearly'),
(18, 13, 19, 'I', '2025-06-12', '2026-06-12', 'Annual travel plan; renewal includes multi-destination extensions.', 'Monthly'),
(19, 14, 20, 'O', '2025-01-05', '2026-01-05', 'Guaranteed renewability until age 65; fixed premium guarantee.', 'Yearly'),
(20, 15, 21, 'I', '2025-02-20', '2026-02-20', 'Premium increased by 3% for the upcoming renewal period.', 'Yearly'),
(21, 16, 22, 'O', '2025-03-12', '2026-03-12', 'Renewal includes 24/7 global emergency assistance add-on.', 'Yearly'),
(22, 17, 23, 'I', '2025-04-18', '2026-04-18', 'Migrated from basic to silver plan during this renewal cycle.', 'Monthly'),
(23, 18, 24, 'O', '2025-05-30', '2026-05-30', 'Policy on hold; waiting for customer confirmation for renewal.', 'Monthly'),
(24, 19, 25, 'I', '2025-06-25', '2026-06-25', 'Special corporate discount renewed based on partnership agreement.', 'Monthly'),
(25, 3, 14, 'O', '2025-11-20', '2026-11-20', 'Renewed with 50% co-payment option for prescription drugs.', 'Yearly'),
(26, 3, 14, 'I', '2025-11-20', '2026-11-20', 'Short-term single trip coverage; strictly non-renewable.', 'Yearly'),
(27, 3, 14, 'O', '2025-11-20', '2026-11-20', 'Previous year claims exceeded threshold; premium increase applied.', 'Yearly'),
(28, 2, 11, 'I', '2025-11-20', '2026-11-20', 'Life insurance with maturity bonus; renewal includes term update.', 'Monthly'),
(29, 2, 11, 'O', '2025-11-20', '2026-11-20', 'Auto-renewal successful; next review date set for late 2026.', 'Monthly'),
(30, 1, 8, 'I', '2025-11-20', '2026-11-20', 'Premium waived for the first month of this renewal term.', 'Monthly'),
(31, 1, 8, 'O', '2025-11-20', '2026-11-20', 'Renewed with emergency medical evacuation rider included.', 'Yearly'),
(32, 3, 4, 'I', '2025-11-20', '2026-11-20', 'Transitioned to retirement life plan during this term update.', 'Yearly'),
(33, 3, 4, 'O', '2025-11-20', '2026-11-20', 'Renewal includes primary care physician network expansion.', 'Monthly'),
(34, 2, 24, 'I', '2025-11-20', '2026-11-20', 'Loyalty bonus added: 2 months of free coverage for next term.', 'Monthly'),
(35, 2, 24, 'O', '2025-11-20', '2026-11-20', 'Requires physical signature for renewal due to legal changes.', 'Yearly'),
(36, 1, 21, 'I', '2025-11-20', '2026-11-20', 'Renewal discount of 12% applied for clean health record.', 'Monthly'),
(37, 1, 21, 'O', '2025-11-20', '2026-11-20', 'Policy renewed for an additional 2-year term with fixed rates.', 'Yearly'),
(38, 3, 18, 'I', '2025-11-20', '2026-11-20', 'Coverage expanded to international hospitals for the next year.', 'Monthly'),
(39, 3, 18, 'O', '2025-11-20', '2026-11-20', 'Auto-renewal active; checking for updated payment information.', 'Yearly'),
(40, 2, 15, 'I', '2025-11-20', '2026-11-20', 'Renewed as individual policy; removed from previous group plan.', 'Monthly'),
(41, 2, 15, 'O', '2025-11-20', '2026-11-20', 'Includes accidental death benefit rider in current renewal.', 'Yearly'),
(42, 1, 12, 'I', '2025-11-20', '2026-11-20', 'No-claim discount of 20% applied to this yearly premium.', 'Monthly'),
(43, 1, 12, 'O', '2025-11-20', '2026-11-20', 'Policy renewed; waiting for updated beneficiary list.', 'Monthly'),
(44, 3, 9, 'I', '2025-11-20', '2026-11-20', 'Standard renewal; no changes to policy limits or conditions.', 'Yearly'),
(45, 3, 9, 'O', '2025-11-20', '2026-11-20', 'Renewal fee waived as part of holiday season promotion.', 'Yearly'),
(46, 2, 6, 'I', '2025-11-20', '2026-11-20', 'Life term extended by 5 years; premium rates adjusted accordingly.', 'Monthly'),
(47, 2, 6, 'O', '2025-11-20', '2026-11-20', 'Renewed with critical illness rider; 90-day waiting period.', 'Yearly'),
(48, 1, 3, 'I', '2025-11-20', '2026-11-20', 'Annual business travel plan; includes tech equipment coverage.', 'Monthly'),
(49, 1, 2, 'O', '2025-11-20', '2026-11-20', 'Renewal processed; digital policy documents sent to insured.', 'Yearly'),
(56, 1, 1, 'I', '2025-01-10', '2026-01-10', 'Life plan renewed with adjusted payouts for beneficiaries.', 'Monthly'),
(57, 1, 2, 'O', '2024-11-15', '2025-11-15', 'Short-term health coverage; extension request pending review.', 'Yearly'),
(58, 2, 3, 'I', '2025-06-01', '2025-09-01', 'Renewed with global emergency travel assistance hotline.', 'Monthly'),
(59, 2, 4, 'O', '2024-03-20', '2034-03-20', 'Annual premium discount: 10% off for paying in full.', 'Yearly'),
(60, 3, 5, 'I', '2025-02-12', '2026-02-12', 'Renewal includes out-of-network outpatient treatment rider.', 'Monthly'),
(61, 3, 6, 'O', '2024-05-05', '2025-05-05', 'Fixed index life policy; renewal tracking market performance.', 'Yearly'),
(62, 4, 7, 'I', '2025-08-10', '2045-08-10', 'Policy renewed; previous agency balance settled successfully.', 'Monthly'),
(63, 4, 8, 'O', '2025-07-01', '2025-07-15', 'Renewed with preventative check-up bundle once per term.', 'Monthly'),
(64, 5, 9, 'I', '2024-12-25', '2025-12-25', 'Standard renewal; updated list of preferred providers attached.', 'Yearly'),
(65, 5, 10, 'O', '2025-04-18', '2026-04-18', 'Coverage for chronic conditions included in this renewal.', 'Monthly'),
(66, 6, 11, 'I', '2025-03-01', '2026-03-01', 'Annual travel plan; renewal includes rental car protection.', 'Monthly'),
(67, 6, 12, 'O', '2025-12-20', '2026-01-05', 'Renewed via mobile app; 5% digital processing discount.', 'Monthly'),
(68, 7, 13, 'I', '2024-09-14', '2029-09-14', 'Policy term fixed until 2028; no renewal required until then.', 'Yearly'),
(69, 7, 14, 'O', '2025-05-22', '2026-05-22', 'Renewed with emergency medical repatriation coverage.', 'Monthly'),
(70, 8, 15, 'I', '2024-02-28', '2025-02-28', 'Waiting for age-based premium adjustment for the new term.', 'Yearly'),
(71, 8, 16, 'O', '2025-01-05', '2026-01-05', 'Automatic renewal scheduled; customer opted for paperless.', 'Monthly'),
(72, 9, 17, 'I', '2025-10-10', '2055-10-10', 'Life policy renewed; death benefit increased by 15,000 USD.', 'Yearly'),
(73, 9, 18, 'O', '2024-07-20', '2025-07-20', 'Standard health renewal; dental and optics coverages maintained.', 'Monthly'),
(74, 10, 19, 'I', '2025-08-15', '2025-08-30', 'Last policy of the batch; standard renewal terms applied.', 'Monthly'),
(75, 10, 20, 'O', '2025-04-01', '2026-04-01', 'Dental and Vision add-ons included in this term.', 'Yearly'),
(76, 3, 1, 'I', '2025-12-25', '2026-12-25', 'Coverage for chronic conditions included in this renewal', 'Monthly');

INSERT INTO dbo.PolicyBeneficiaries (PolicyID, FamilyMemberID)
VALUES 
(0, 26), (0, 27), 
(1, 28), (2, 29), (3, 30), 
(4, 31), (4, 32), 
(5, 33), (6, 34), (7, 35), (8, 36), (9, 37),
(10, 38), (11, 39), (12, 40), (13, 41), (14, 42),
(15, 43), (16, 44), (17, 45), (18, 46), (19, 47),
(20, 48), (21, 49), (22, 50), (23, 26), (24, 27);

INSERT INTO PolicyNetwork (PolicyID, ProviderID) VALUES
(0, 1), (0, 2), (0, 4), (0, 7), (0, 10), (0, 19), (0, 20), (0, 21), (0, 22), (0, 23), (0, 26), (0, 29), (0, 32), (0, 34), (0, 35), (0, 36), (0, 39),
(1, 1), (1, 2), (1, 4), (1, 7), (1, 10), (1, 19), (1, 20), (1, 21), (1, 22), (1, 23), (1, 26), (1, 29), (1, 32), (1, 34), (1, 35), (1, 36), (1, 39),
(2, 4), (2, 7), (2, 10), (2, 19), (2, 20), (2, 21), (2, 22), (2, 23), (2, 26), (2, 29), (2, 32), (2, 34), (2, 35), (2, 36), (2, 39),
(3, 1), (3, 2), (3, 4), (3, 7), (3, 10), (3, 19), (3, 20), (3, 21), (3, 22), (3, 23), (3, 26), (3, 29), (3, 32), (3, 34), (3, 35), (3, 36), (3, 39),
(4, 1), (4, 2), (4, 4), (4, 7), (4, 10), (4, 19), (4, 20), (4, 21), (4, 22), (4, 23), (4, 26), (4, 29), (4, 32), (4, 34), (4, 35), (4, 36), (4, 39),
(5, 1), (5, 2), (5, 4), (5, 7), (5, 10), (5, 19), (5, 20), (5, 21), (5, 22), (5, 23), (5, 26), (5, 29), (5, 32), (5, 34), (5, 35), (5, 36), (5, 39),
(6, 1), (6, 2), (6, 4), (6, 7), (6, 10), (6, 19), (6, 20), (6, 21), (6, 22), (6, 23), (6, 26), (6, 29), (6, 32), (6, 34), (6, 35), (6, 36), (6, 39),
(7, 1), (7, 2), (7, 4), (7, 7), (7, 10), (7, 19), (7, 20), (7, 21), (7, 22), (7, 23), (7, 26), (7, 29), (7, 32), (7, 34), (7, 35), (7, 36), (7, 39),
(8, 1), (8, 2), (8, 4), (8, 7), (8, 10), (8, 19), (8, 20), (8, 21), (8, 22), (8, 23), (8, 26), (8, 29), (8, 32), (8, 34), (8, 35), (8, 36), (8, 39),
(9, 1), (9, 2), (9, 4), (9, 7), (9, 10), (9, 19), (9, 20), (9, 21), (9, 22), (9, 23), (9, 26), (9, 29), (9, 32), (9, 34), (9, 35), (9, 36), (9, 39),
(10, 1), (10, 2), (10, 4), (10, 7), (10, 10), (10, 19), (10, 20), (10, 21), (10, 22), (10, 23), (10, 26), (10, 29), (10, 32), (10, 34), (10, 35), (10, 36), (10, 39),
(11, 1), (11, 2), (11, 4), (11, 7), (11, 10), (11, 19), (11, 20), (11, 21), (11, 22), (11, 23), (11, 26), (11, 29), (11, 32), (11, 34), (11, 35), (11, 36), (11, 39),
(12, 1), (12, 2), (12, 4), (12, 7), (12, 10), (12, 19), (12, 20), (12, 21), (12, 22), (12, 23), (12, 26), (12, 29), (12, 32),(12, 34), (12, 35), (12, 36), (12, 39),
(13, 1), (13, 2), (13, 4), (13, 7), (13, 10), (13, 19), (13, 20), (13, 21), (13, 22), (13, 23), (13, 26), (13, 29), (13, 32), (13, 34), (13, 35), (13, 36), (13, 39),
(14, 1), (14, 2), (14, 4), (14, 7), (14, 10), (14, 19), (14, 20), (14, 21), (14, 22), (14, 23), (14, 26), (14, 29), (14, 32), (14, 34), (14, 35), (14, 36), (14, 39),
(15, 1), (15, 2), (15, 4), (15, 7), (15, 10), (15, 19), (15, 20), (15, 21), (15, 22), (15, 23), (15, 26), (15, 29), (15, 32), (15, 34), (15, 35), (15, 36), (15, 39),
(16, 1), (16, 2), (16, 4), (16, 7), (16, 10), (16, 19), (16, 20), (16, 21), (16, 22), (16, 23), (16, 26), (16, 29), (16, 32), (16, 34), (16, 35), (16, 36), (16, 39),
(17, 1), (17, 2), (17, 4), (17, 7), (17, 10), (17, 19), (17, 20), (17, 21), (17, 22), (17, 23), (17, 26), (17, 29), (17, 32), (17, 34), (17, 35), (17, 36), (17, 39),
(18, 1), (18, 2), (18, 4), (18, 7), (18, 10), (18, 19), (18, 20), (18, 21), (18, 22), (18, 23), (18, 26), (18, 29), (18, 32), (18, 34), (18, 35), (18, 36), (18, 39),
(19, 1), (19, 2), (19, 4), (19, 7), (19, 10), (19, 19), (19, 20), (19, 21), (19, 22), (19, 23), (19, 26), (19, 29), (19, 32), (19, 34), (19, 35), (19, 36), (19, 39),
(20, 1), (20, 2), (20, 4), (20, 7), (20, 10), (20, 19), (20, 20), (20, 21), (20, 22), (20, 23), (20, 26), (20, 29), (20, 32), (20, 34), (20, 35), (20, 36), (20, 39),
(21, 1), (21, 2), (21, 4), (21, 7), (21, 10), (21, 19), (21, 20), (21, 21), (21, 22), (21, 23), (21, 26), (21, 29), (21, 32), (21, 34), (21, 35), (21, 36), (21, 39),
(22, 1), (22, 2), (22, 4), (22, 7), (22, 10), (22, 19), (22, 20), (22, 21), (22, 22), (22, 23), (22, 26), (22, 29), (22, 32), (22, 34), (22, 35), (22, 36), (22, 39),
(23, 1), (23, 2), (23, 4), (23, 7), (23, 10), (23, 19), (23, 20), (23, 21), (23, 22), (23, 23), (23, 26), (23, 29), (23, 32), (23, 34), (23, 35), (23, 36), (23, 39),
(24, 1), (24, 2), (24, 4), (24, 7), (24, 10), (24, 19), (24, 20), (24, 21), (24, 22), (24, 23), (24, 26), (24, 29), (24, 32), (24, 34), (24, 35), (24, 36), (24, 39),
(25, 1), (25, 2), (25, 5), (25, 8), (25, 15), (25, 20), (25, 25), (25, 30), (25, 35), (25, 39),
(26, 1), (26, 3), (26, 7), (26, 10), (26, 15), (26, 18), (26, 22), (26, 32), (26, 36), (26, 40),
(27, 2), (27, 4), (27, 6), (27, 12), (27, 15), (27, 21), (27, 28), (27, 33), (27, 37), (27, 38),
(28, 1), (28, 5), (28, 9), (28, 14), (28, 20), (28, 24), (28, 29), (28, 34), (28, 35), (28, 39),
(29, 3), (29, 8), (29, 11), (29, 17), (29, 22), (29, 26), (29, 30), (29, 31), (29, 36), (29, 40),
(30, 4), (30, 7), (30, 13), (30, 16), (30, 19), (30, 23), (30, 27), (30, 32), (30, 35), (30, 38),
(31, 5), (31, 15), (31, 25), (31, 35), (32, 2), (32, 12), (32, 22), (32, 32),
(33, 8), (33, 18), (33, 28), (33, 38), (34, 4), (34, 14), (34, 24), (34, 34),
(35, 7), (35, 17), (35, 27), (35, 37), (36, 10), (36, 20), (36, 30), (36, 40),
(37, 1), (37, 11), (37, 21), (37, 31), (38, 6), (38, 16), (38, 26), (38, 36),
(39, 3), (39, 13), (39, 23), (39, 33), (40, 9), (40, 19), (40, 29), (40, 39),
(41, 5), (41, 10), (41, 15), (41, 20), (42, 2), (42, 4), (42, 6), (42, 8),
(43, 12), (43, 14), (43, 16), (43, 18), (44, 22), (44, 24), (44, 26), (44, 28),
(45, 32), (45, 34), (45, 36), (45, 38), (46, 1), (46, 3), (46, 5), (46, 7),
(47, 9), (47, 11), (47, 13), (47, 15), (48, 17), (48, 19), (48, 21), (48, 23),
(49, 25), (49, 27), (49, 29), (49, 31), (50, 33), (50, 35), (50, 37), (50, 39),
(51, 1), (52, 2), (53, 3), (54, 4), (55, 5), (56, 15), (57, 15), (58, 10), (59, 20), (60, 30),
(61, 5), (61, 25), (62, 2), (62, 32), (63, 8), (63, 18), (64, 4), (64, 34), (65, 7), (65, 27),
(66, 10), (66, 20), (67, 1), (67, 21), (68, 6), (68, 36), (69, 3), (69, 13), (70, 9), (70, 39),
(71, 5), (71, 35);

INSERT INTO Provider (InstitutionName, ProviderType, Address, ContractStatus, InsertDate) VALUES
('Acýbadem Maslak Hastanesi', 'H', 'Sarýyer, Ýstanbul', 1, '2025-12-20 13:05:05.960'),
('Memorial Ţiţli Hastanesi', 'H', 'Ţiţli, Ýstanbul', 1, '2025-12-20 13:05:05.960'),
('Medical Park Göztepe', 'H', 'Kadýköy, Ýstanbul', 1, '2025-12-20 13:05:05.960'),
('Florence Nightingale Hastanesi', 'H', 'Ţiţli, Ýstanbul', 1, '2025-12-20 13:05:05.960'),
('Liv Hospital Ulus', 'H', 'Beţiktaţ, Ýstanbul', 1, '2025-12-20 13:05:05.960'),
('Medicana International Ankara', 'H', 'Çankaya, Ankara', 1, '2025-12-20 13:05:05.960'),
('Medipol Mega Üniversite Hastanesi', 'H', 'Bađcýlar, Ýstanbul', 1, '2025-12-20 13:05:05.960'),
('Emsey Hospital', 'H', 'Pendik, Ýstanbul', 1, '2025-12-20 13:05:05.960'),
('Kolan International Hospital', 'H', 'Ţiţli, Ýstanbul', 1, '2025-12-20 13:05:05.960'),
('Dünyagöz Hastanesi Altunizade', 'C', 'Üsküdar, Ýstanbul', 1, '2025-12-20 13:05:05.960'),
('Batýgöz Sađlýk Grubu', 'C', 'Çankaya, Ankara', 1, '2025-12-20 13:05:05.960'),
('Biruni Laboratuvarý Niţantaţý', 'L', 'Ţiţli, Ýstanbul', 1, '2025-12-20 13:05:05.960'),
('Denge Týp Laboratuvarlarý', 'L', 'Beţiktaţ, Ýstanbul', 1, '2025-12-20 13:05:05.960'),
('Synevo Laboratuvarlarý', 'L', 'Kadýköy, Ýstanbul', 1, '2025-12-20 13:05:05.960'),
('Merkez Eczanesi', 'P', 'Çankaya, Ankara', 1, '2025-12-20 13:05:05.960'),
('Ţifa Eczanesi', 'P', 'Bakýrköy, Ýstanbul', 1, '2025-12-20 13:05:05.960'),
('Güneţ Eczanesi', 'P', 'Bornova, Ýzmir', 1, '2025-12-20 13:05:05.960'),
('Anadolu Sađlýk Merkezi', 'H', 'Gebze, Kocaeli', 1, '2025-12-20 13:05:05.960'),
('Güven Hastanesi', 'H', 'Çankaya, Ankara', 1, '2025-12-20 13:05:05.960'),
('Bayýndýr Hastanesi Söđütözü', 'H', 'Ankara', 1, '2025-12-20 13:05:05.960'),
('Koru Ankara Hastanesi', 'H', 'Çankaya, Ankara', 1, '2025-12-20 13:05:05.960'),
('HRS Ankara Kadýn Hastanesi', 'H', 'Çankaya, Ankara', 1, '2025-12-20 13:05:05.960'),
('Kudret Göz Hastanesi', 'C', 'Çankaya, Ankara', 1, '2025-12-20 13:05:05.960'),
('Geliţim Laboratuvarlarý', 'L', 'Beţiktaţ, Ýstanbul', 1, '2025-12-20 13:05:05.960'),
('Huzur Eczanesi', 'P', 'Konak, Ýzmir', 1, '2025-12-20 13:05:05.960'),
('Koç Üniversitesi Hastanesi', 'H', 'Zeytinburnu, Ýstanbul', 1, '2025-12-20 13:08:35.717'),
('Lütfi Kýrdar Eđitim Araţtýrma', 'H', 'Kartal, Ýstanbul', 1, '2025-12-20 13:08:35.717'),
('Ţiţli Hamidiye Etfal', 'H', 'Sarýyer, Ýstanbul', 1, '2025-12-20 13:08:35.717'),
('Ankara Bilkent Ţehir Hastanesi', 'H', 'Çankaya, Ankara', 1, '2025-12-20 13:08:35.717'),
('Baţakţehir Çam ve Sakura', 'H', 'Baţakţehir, Ýstanbul', 1, '2025-12-20 13:08:35.717'),
('Bezmiâlem Vakýf Üniversitesi', 'H', 'Fatih, Ýstanbul', 1, '2025-12-20 13:08:35.717'),
('Yeditepe Üniversitesi Hastanesi', 'H', 'Ataţehir, Ýstanbul', 1, '2025-12-20 13:08:35.717'),
('Baţkent Üniversitesi Ankara', 'H', 'Çankaya, Ankara', 1, '2025-12-20 13:08:35.717'),
('Gazi Üniversitesi Hastanesi', 'H', 'Yenimahalle, Ankara', 1, '2025-12-20 13:08:35.717'),
('Hacettepe Üniversitesi Hastanesi', 'H', 'Sýhhiye, Ankara', 1, '2025-12-20 13:08:35.717'),
('Ege Üniversitesi Hastanesi', 'H', 'Bornova, Ýzmir', 1, '2025-12-20 13:08:35.717'),
('Esteworld Plastik Cerrahi', 'C', 'Üsküdar, Ýstanbul', 1, '2025-12-20 13:08:35.717'),
('Dentakay Diţ Kliniđi', 'C', 'Bahçelievler, Ýstanbul', 1, '2025-12-20 13:08:35.717'),
('Hospitadent Diţ Hastanesi', 'C', 'Bakýrköy, Ýstanbul', 1, '2025-12-20 13:08:35.717'),
('Medilife Polikliniđi', 'C', 'Beylikdüzü, Ýstanbul', 1, '2025-12-20 13:08:35.717'),
('Damla Týp Merkezi', 'C', 'Keçiören, Ankara', 1, '2025-12-20 13:08:35.717'),
('Özel Lokman Hekim', 'C', 'Etimesgut, Ankara', 1, '2025-12-20 13:08:35.717'),
('Maya Estetik', 'C', 'Beţiktaţ, Ýstanbul', 1, '2025-12-20 13:08:35.717'),
('Hattat Klinik', 'C', 'Ţiţli, Ýstanbul', 1, '2025-12-20 13:08:35.717'),
('Acýbadem Mobil Sađlýk', 'C', 'Sarýyer, Ýstanbul', 1, '2025-12-20 13:08:35.717'),
('Sante Týp Merkezi', 'C', 'Ýzmir', 1, '2025-12-20 13:08:35.717'),
('Düzen Laboratuvarlar Grubu', 'L', 'Tunus, Ankara', 1, '2025-12-20 13:08:35.717'),
('Mavi Laboratuvar', 'L', 'Kadýköy, Ýstanbul', 1, '2025-12-20 13:08:35.717'),
('Geliţim Týp Laboratuvarý', 'L', 'Ţiţli, Ýstanbul', 1, '2025-12-20 13:08:35.717'),
('Ege Laboratuvarý', 'L', 'Konak, Ýzmir', 1, '2025-12-20 13:08:35.717'),
('Ankara Genetik Merkezi', 'L', 'Çankaya, Ankara', 1, '2025-12-20 13:08:35.717'),
('Intergen Genetik Merkezi', 'L', 'Çankaya, Ankara', 1, '2025-12-20 13:08:35.717'),
('Papatya Eczanesi', 'P', 'Beţiktaţ, Ýstanbul', 1, '2025-12-20 13:08:35.717'),
('Lale Eczanesi', 'P', 'Nilüfer, Bursa', 1, '2025-12-20 13:08:35.717'),
('Esen Eczanesi', 'P', 'Keçiören, Ankara', 1, '2025-12-20 13:08:35.717'),
('Merkez Eczanesi', 'P', 'Fatih, Ýstanbul', 1, '2025-12-20 13:08:35.717'),
('Sýhhat Eczanesi', 'P', 'Alsancak, Ýzmir', 1, '2025-12-20 13:08:35.717'),
('Medipol Polikliniđi', 'C', 'Vatan Cad, Ýstanbul', 1, '2025-12-20 13:22:38.490'),
('Medical Park Diţ', 'C', 'Bahçelievler, Ýstanbul', 1, '2025-12-20 13:22:38.490'),
('Göz Nur Kliniđi', 'C', 'Bursa', 1, '2025-12-20 13:22:38.490'),
('Batý Göz Merkezi', 'C', 'Ýzmir', 1, '2025-12-20 13:22:38.490'),
('Estetik Plus', 'C', 'Niţantaţý, Ýstanbul', 1, '2025-12-20 13:22:38.490'),
('Derman Polikliniđi', 'C', 'Ankara', 1, '2025-12-20 13:22:38.490'),
('Huzur Týp', 'C', 'Antalya', 1, '2025-12-20 13:22:38.490'),
('Siperna Diţ', 'C', 'Kadýköy, Ýstanbul', 1, '2025-12-20 13:22:38.490'),
('Aura Psikiyatri', 'C', 'Beţiktaţ, Ýstanbul', 1, '2025-12-20 13:22:38.490'),
('Vitalis Fizik Tedavi', 'C', 'Ţiţli, Ýstanbul', 1, '2025-12-20 13:22:38.490'),
('Denge Check-up', 'C', 'Levent, Ýstanbul', 1, '2025-12-20 13:22:38.490'),
('Zirve Göz', 'C', 'Eskiţehir', 1, '2025-12-20 13:22:38.490'),
('Mikrogen Genetik Lab', 'L', 'Çankaya, Ankara', 1, '2025-12-20 13:22:38.490'),
('Biyolab', 'L', 'Ýzmir', 1, '2025-12-20 13:22:38.490'),
('Patoloji Taný Merkezi', 'L', 'Ýstanbul', 1, '2025-12-20 13:22:38.490'),
('Hücre Analiz', 'L', 'Kocaeli', 1, '2025-12-20 13:22:38.490'),
('Net Lab', 'L', 'Bursa', 1, '2025-12-20 13:22:38.490'),
('Alfa Görüntüleme', 'L', 'Adana', 1, '2025-12-20 13:22:38.490'),
('Gama Laboratuvarý', 'L', 'Mersin', 1, '2025-12-20 13:22:38.490'),
('Asil Genetik', 'L', 'Gaziantep', 1, '2025-12-20 13:22:38.490'),
('Modern Lab', 'L', 'Samsun', 1, '2025-12-20 13:22:38.490'),
('Ege Analiz', 'L', 'Muđla', 1, '2025-12-20 13:22:38.490'),
('Global Patoloji', 'L', 'Tekirdađ', 1, '2025-12-20 13:22:38.490'),
('Sistem Lab', 'L', 'Sakarya', 1, '2025-12-20 13:22:38.490'),
('Artý Laboratuvar', 'L', 'Kayseri', 1, '2025-12-20 13:22:38.490'),
('Derman Eczanesi', 'P', 'Ýstanbul', 1, '2025-12-20 13:22:38.490'),
('Sýhhat Eczanesi', 'P', 'Ankara', 1, '2025-12-20 13:22:38.490'),
('Hayat Eczanesi', 'P', 'Ýzmir', 1, '2025-12-20 13:22:38.490'),
('Güneţ Eczanesi', 'P', 'Bursa', 1, '2025-12-20 13:22:38.490'),
('Ay Eczanesi', 'P', 'Antalya', 1, '2025-12-20 13:22:38.490'),
('Yýldýz Eczanesi', 'P', 'Konya', 1, '2025-12-20 13:22:38.490'),
('Bahar Eczanesi', 'P', 'Adana', 1, '2025-12-20 13:22:38.490'),
('Çýnar Eczanesi', 'P', 'Mersin', 1, '2025-12-20 13:22:38.490'),
('Esen Eczanesi', 'P', 'Eskiţehir', 1, '2025-12-20 13:22:38.490'),
('Mavi Eczanesi', 'P', 'Diyarbakýr', 1, '2025-12-20 13:22:38.490'),
('Umut Eczanesi', 'P', 'Samsun', 1, '2025-12-20 13:22:38.490'),
('Deniz Eczanesi', 'P', 'Denizli', 1, '2025-12-20 13:22:38.490'),
('Ada Eczanesi', 'P', 'Muđla', 1, '2025-12-20 13:22:38.490'),
('Körfez Eczanesi', 'P', 'Kocaeli', 1, '2025-12-20 13:22:38.490'),
('Sarp Eczanesi', 'P', 'Trabzon', 1, '2025-12-20 13:22:38.490'),
('Vatan Eczanesi', 'P', 'Afyon', 1, '2025-12-20 13:22:38.490'),
('Intergen Genetik Taný Merkezi', 'L', 'Çankaya, Ankara', 1, '2025-12-20 13:26:42.593'),
('Genlab Týbbi Laboratuvarlarý', 'L', 'Ataţehir, Ýstanbul', 1, '2025-12-20 13:26:42.593'),
('LaboLife Görüntüleme Merkezi', 'L', 'Nilüfer, Bursa', 1, '2025-12-20 13:26:42.593'),
('Mikro-Gen Genetik Hastalýklar Me...', 'L', 'Yenimahalle, Ankara', 1, '2025-12-20 13:26:42.593'),
('Eurofins Týbbi Laboratuvarlar', 'L', 'Kartal, Ýstanbul', 1, '2025-12-20 13:26:42.593');

INSERT INTO ProviderEmails (ProviderID, EmailAddress) VALUES
(1, 'info@acibadem.com.tr'),
(2, 'iletisim@memorial.com.tr'),
(3, 'bilgi@medicalpark.com.tr'),
(4, 'destek@florence.com.tr'),
(5, 'info@livhospital.com.tr'),
(6, 'ankara@medicana.com.tr'),
(7, 'info@medipol.com.tr'),
(8, 'iletisim@emsey.com.tr'),
(9, 'info@kolan.com.tr'),
(10, 'altunizade@dunyagoz.com'),
(11, 'bilgi@batigoz.com'),
(12, 'nisantasi@biruni.com.tr'),
(13, 'info@dengetip.com'),
(14, 'kadikoy@synevo.com.tr'),
(15, 'merkez@eczane.com'),
(16, 'sifa@eczane.com'),
(17, 'gunes@eczane.com'),
(18, 'bilgi@anadolusaglik.org'),
(19, 'info@guven.com.tr'),
(20, 'bayindir@bayindir.com.tr'),
(21, 'bilgi@koruhastanesi.com'),
(22, 'iletisim@hrs.com.tr'),
(23, 'destek@kudretgoz.com'),
(24, 'info@gelisimlab.com.tr'),
(25, 'huzur@eczane.com'),
(26, 'info@kuh.ege.edu.tr'), (27, 'iletisim@lutfikirdar.gov.tr'), (28, 'info@hamidiyetfal.gov.tr'), (29, 'bilgi@bilkentsehir.gov.tr'),
(30, 'info@camvesakura.gov.tr'), (31, 'iletisim@bezmialem.edu.tr'), (32, 'info@yeditepehastanesi.com.tr'), (33, 'iletisim@baskent.edu.tr'),
(34, 'info@hastane.gazi.edu.tr'), (35, 'iletisim@hacettepe.edu.tr'), (36, 'bilgi@hastane.ege.edu.tr'), 
(37, 'info@esteworld.com.tr'), (38, 'iletisim@dentakay.com'), (39, 'info@hospitadent.com'), (40, 'bilgi@medilife.com.tr'),
(41, 'destek@damlatip.com'), (42, 'iletisim@lokmanhekim.com.tr'), (43, 'info@mayaestetik.com'), (44, 'bilgi@hattat.com.tr'),
(45, 'destek@acibademmobil.com.tr'), (46, 'info@santetip.com'), (47, 'iletisim@duzen.com.tr'), (48, 'info@mavilab.com.tr'),
(49, 'bilgi@gelisimtiplab.com.tr'), (50, 'iletisim@egelab.com'), (51, 'info@ankaragenetik.com'), (52, 'bilgi@intergen.com.tr'),
(53, 'papatya@eczane.com'), (54, 'lale@eczane.com'), (55, 'esen@eczane.com'), (56, 'merkez.fatih@eczane.com'), (57, 'sihhat.izmir@eczane.com'),
(58, 'iletisim@medipol.com.tr'), (59, 'dis@medicalpark.com.tr'), (60, 'info@goznurkliniđi.com'), (61, 'iletisim@batigoz.com'),
(62, 'bilgi@estetikplus.com'), (63, 'iletisim@dermantip.com'), (64, 'info@huzurtip.com'), (65, 'destek@sipernadis.com'),
(66, 'bilgi@aurapsikiyatri.com'), (67, 'info@vitalisfizik.com'), (68, 'checkup@denge.com'), (69, 'bilgi@zirvegoz.com'),
(70, 'info@mikrogen.com.tr'), (71, 'iletisim@biyolab.com.tr'), (72, 'bilgi@patolojitani.com'), (73, 'info@hucreanaliz.com'),
(74, 'iletisim@netlab.com.tr'), (75, 'info@alfagoruntuleme.com'), (76, 'bilgi@gamalab.com.tr'), (77, 'iletisim@asilgenetik.com'),
(78, 'info@modernlab.com.tr'), (79, 'bilgi@egeanaliz.com'), (80, 'iletisim@globalpatoloji.com'), (81, 'info@sistemlab.com.tr'),
(82, 'bilgi@artilab.com.tr'), (83, 'derman@eczane.com'),
(84, 'sihhat.ankara@eczane.com'), (85, 'hayat.izmir@eczane.com'), (86, 'gunes.bursa@eczane.com'), (87, 'ay.antalya@eczane.com'),
(88, 'yildiz.konya@eczane.com'), (89, 'bahar.adana@eczane.com'), (90, 'cinar.mersin@eczane.com'), (91, 'esen.eskisehir@eczane.com'),
(92, 'mavi.diyarbakir@eczane.com'), (93, 'umut.samsun@eczane.com'), (94, 'deniz.denizli@eczane.com'), (95, 'ada.mugla@eczane.com'),
(96, 'korfez.kocaeli@eczane.com'), (97, 'sarp.trabzon@eczane.com'), (98, 'vatan.afyon@eczane.com'),
(99, 'info@intergentani.com'), (100, 'iletisim@genlab.com.tr'), (101, 'info@labolife.com.tr'), (102, 'bilgi@mikro-gen.com'), (103, 'iletisim@eurofins.com.tr');

INSERT INTO ProviderPhones (ProviderID, GsmNumber) VALUES
(1, '02123044444'),
(2, '02123146666'),
(3, '02162223333'),
(4, '02123756565'),
(5, '08502222548'),
(6, '03122929292'),
(7, '04447044'),
(8, '02166460000'),
(9, '02122300808'),
(10, '08502224469'),
(11, '04442324'),
(12, '02122325050'),
(13, '02122111111'),
(14, '02164111111'),
(15, '03123000000'),
(16, '02125000000'),
(17, '02324000000'),
(18, '02626785000'),
(19, '03124572222'),
(20, '03122879000'),
(21, '04446662'),
(22, '03124545454'),
(23, '03124111111'),
(24, '02122112233'),
(25, '02323000000'),
(26, '02123381000'), (27, '02164413900'), (28, '02123735000'), (29, '03125526000'),
(30, '02129092323'), (31, '02124531700'), (32, '02165784000'), (33, '03122036868'),
(34, '03122024444'), (35, '03123055000'), (36, '02323904000'), (37, '08502223884'),
(38, '05306385353'), (39, '02122324343'), (40, '02128668080'), (41, '03123360909'),
(42, '03123910707'), (43, '02122155757'), (44, '02122329525'), (45, '04449724'),
(46, '02324414141'), (47, '03124687010'), (48, '02164119999'), (49, '02122301515'),
(50, '02324838383'), (51, '03124440000'), (52, '03124441010'), (53, '02122580000'),
(54, '02242450000'), (55, '03123800000'), (56, '02125210000'), (57, '02324210000'),
(58, '02124534848'), (59, '02124812222'), (60, '02242250000'), (61, '02324440000'),
(62, '02122330000'), (63, '03123100000'), (64, '02423100000'), (65, '02163450000'),
(66, '02122600000'), (67, '02122120000'), (68, '02122110000'), (69, '02222300000'),
(70, '03124441000'), (71, '02324442000'), (72, '02124443000'), (73, '02624444000'),
(74, '02244445000'), (75, '03224446000'), (76, '03244447000'), (77, '03424448000'),
(78, '03624449000'), (79, '02524441111'), (80, '02824442222'), (81, '02644443333'),
(82, '03524444444'), (83, '02125110000'), (84, '03123110000'), (85, '02323110000'),
(86, '02243110000'), (87, '02423110000'), (88, '03323110000'), (89, '03223110000'),
(90, '03243110000'), (91, '02223110000'), (92, '04123110000'), (93, '03623110000'),
(94, '02583110000'), (95, '02523110000'), (96, '02623110000'), (97, '04623110000'),
(98, '02723110000'), (99, '03124440101'), (100, '02164440202'), (101, '02244440303'),
(102, '03124440404'), (103, '02164440505');
